Finding_Owner,Finding_Owner_high,Finding_Owner_high_overdue,Finding_Owner_Critical,Finding_Owner_Critical_overdue
"Zhang, Peter",19,18,3,3
nan,0,0,0,0
"Li, Polo",141,141,47,47
"Zhuang, Tianyun",128,127,64,64
"Wen, Lei",24,24,4,4
"Gu, Bill",305,301,121,121
"Liu, Charlie",104,104,44,44
"Cao, Henry",137,137,36,36
"Zhang, Donny",3,3,1,1
"Li, Jonny",8,8,3,3
"Yang, Chris",397,397,220,220
"Shen, Michael",7,7,3,3
"ZHOU, ZHENFEI",6,6,0,0
"Yao, Kelly",2,2,0,0
"Zhang, Ivan",5,1,3,0
"Zhu, Baoding",10,10,4,4
"Fu, Alyssa",2,1,0,0
"Cao, Henry Li, Jonny",2,2,2,2
"Zhou, Allen",1,1,0,0